ID,OWNERID,ISDELETED,NAME,CURRENCYISOCODE,CREATEDDATE,CREATEDBYID,LASTMODIFIEDDATE,LASTMODIFIEDBYID,SYSTEMMODSTAMP,LASTVIEWEDDATE,LASTREFERENCEDDATE,ANALYSIS_CODE__C,ANALYSIS_DIMENSION__C,ANALYSIS_NAME_DEL__C,SHORT_HEADING__C,STATUS__C,DOCUMENT_FOOTER_CONTENT__C,BILLING_COMPANY__C,BILLING_START_DATE__C,CREDIT_CONTROL_EMAIL_ADDRESS__C,CREDIT_CONTROL_PHONE_NUMBER__C,WILMINGTON_DIVISION__C,EC_COUNTRY__C,EXEMPT_TAX_CODE__C,TAXTYPE__C,TAX_COUNTRY_CODE__C,TAX_REGISTRATION_NUMBER__C,LA1_LOGO_DISPLAY__C,LA1_LOGO_URL__C
a3Qb000000000tCEAQ,005b0000000L061AAC,FALSE,ICA,GBP,1410534234000,005b0000000L061AAC,1617296335000,0050X000008UT9XQAW,1617296335000,,,ICA,01,International Compliance Association (ICA),ICA,Active,"International Compliance Association, Registered in England no: 4429302. Registered Office: 5th Floor, 10 Whitechapel High Street, London E1 8QS. Tel: 0121 362 7747. VAT Number: GB 899 3725 51.",a0nb0000002qgRaAAI,2016-01-04,membership@int-comp.org,+44 (0)121 362 7747,Risk & Compliance,TRUE,a20b00000004t8LAAQ,VAT,GB,899372551,<img src=""https://wilmingtonplc--c.eu10.content.force.com/servlet/servlet.ImageServer?id=015b0000001tQqH&amp;oid=00Db0000000df5E&amp;lastMod=1452253095000"" alt=""No Logo"" border=""0""/>,https://wilmingtonplc--c.eu10.content.force.com/servlet/servlet.ImageServer?id=015b0000001tQqH&oid=00Db0000000df5E&lastMod=1452253095000
a3Qb000000000tDEAQ,005b0000000L061AAC,FALSE,WCW,GBP,1410534234000,005b0000000L061AAC,1545136158000,005b0000000L061AAC,1545136158000,1632325290000,1632325290000,WCW,01,Wilmington Compliance Week,WCW,Inactive,,,,,,Risk & Compliance,FALSE,,,,,<img src="" "" alt=""No Logo"" border=""0""/>,
a3Qb000000000tFEAQ,005b0000000L061AAC,FALSE,AMA,GBP,1410534234000,005b0000000L061AAC,1559027034000,005b0000000L05NAAS,1559027034000,,,AMA,01,Adkins Matchett & Toy (Hong Kong) Limited,AMA,Active,"Adkins Matchett & Toy (Hong Kong) Limited, part of Wilmington plc. Office Units 503-04, 5th floor, Haleson Building, 1 Jubilee Street, Central, Hong Kong. Tel: +852 3905 3059.",a0nb0000002qgRaAAI,2016-10-01,creditcontrol@wilmingtonplc.com,+44(0)20 7566 8287,Risk & Compliance,FALSE,a20b00000004t8LAAQ,SUT,HK,,<img src="" "" alt=""No Logo"" border=""0""/>,
a3Qb000000000tGEAQ,005b0000000L061AAC,FALSE,NHI,GBP,1410534234000,005b0000000L061AAC,1545136168000,005b0000000L061AAC,1545136168000,1632325290000,1632325290000,NHI,01,Wilmington Healthcare Ltd,NHI,Inactive,"Wilmington Healthcare Ltd, part of Wilmington plc Registered in England no: 2530185. Registered Office: Registered Office: 5th Floor, 10 Whitechapel High Street, London E1 8QS. Tel: 01268 495600 Fax: 01268 495602. VAT Number: GB 899 3725 51.",a0nb0000002qgRaAAI,2015-04-01,creditcontrol@wilmingtonplc.com,+44 (0)1268 495694,Healthcare,FALSE,,,,,<img src="" "" alt=""No Logo"" border=""0""/>,
a3Qb000000000tHEAQ,005b0000000L061AAC,FALSE,CLS,GBP,1410534234000,005b0000000L061AAC,1617296335000,0050X000008UT9XQAW,1617296335000,,,CLS,01,Central Law Training (Scotland) Ltd,CLS,Active,"Central Law Training (Scotland) Ltd, part of Wilmington plc, registered in Scotland with company number SC187504. Registered office: Tontine House, 8 Gordon Street, Glasgow G1 3PL. VAT NO. GB 899 3725 51.",a0nb0000002qgRaAAI,2016-03-14,wte.creditcontrol@wilmingtonplc.com,+44 (0)1268 495694,Professional,TRUE,a20b00000004t8LAAQ,VAT,GB,899372551,<img src=""https://wilmingtonplc--c.eu10.content.force.com/servlet/servlet.ImageServer?id=0150X000006eeHF&amp;oid=00Db0000000df5E"" alt=""No Logo"" border=""0""/>,https://wilmingtonplc--c.eu10.content.force.com/servlet/servlet.ImageServer?id=0150X000006eeHF&oid=00Db0000000df5E
a3Qb000000000tIEAQ,005b0000000L061AAC,FALSE,LT2,EUR,1410534234000,005b0000000L061AAC,1625737119000,005b0000000L77LAAS,1625737119000,,,LT2,01,La Touche Training Ltd,LT2,Active,"La Touche Training Ltd, part of Wilmington plc. 13 Upper Baggot Street, 2nd Floor, Dublin 4, D04 W7K5. Tel: 01 8788 255. VAT Number: IE 8227343Q",a0nb0000002qgRaAAI,2015-09-04,econnolly@latouchetraining.ie,01 8788 255,Professional,TRUE,a20b00000004t8LAAQ,VAT,IE,8227343Q,<img src=""https://wilmingtonplc--c.eu10.content.force.com/servlet/servlet.ImageServer?id=015b0000001kCEd&amp;oid=00Db0000000df5E&amp;lastMod=1434539873000"" alt=""No Logo"" border=""0""/>,https://wilmingtonplc--c.eu10.content.force.com/servlet/servlet.ImageServer?id=015b0000001kCEd&oid=00Db0000000df5E&lastMod=1434539873000
a3Qb000000000tJEAQ,005b0000000L061AAC,FALSE,ARK,GBP,1410534234000,005b0000000L061AAC,1617296335000,0050X000008UT9XQAW,1617296335000,,,ARK,01,ARK Conferences Ltd,ARK,Active,"ARK Conferences Ltd, part of Wilmington plc, Registered in England no: 2931372. Registered Office: 5th Floor, 10 Whitechapel High Street, London E1 8QS. Tel: 020 7490 0049. VAT Number: GB 899 3725 51.",a0nb0000002qgRaAAI,2015-01-01,creditcontrol@wilmingtonplc.com,+44 (0)1268 495694,Professional,TRUE,a20b00000004t8LAAQ,VAT,GB,899372551,<img src=""https://wilmingtonplc--c.eu2.content.force.com/servlet/servlet.ImageServer?id=015b0000000yf76&amp;oid=00Db0000000df5E&amp;lastMod=1445334593000"" alt=""No Logo"" border=""0""/>,https://wilmingtonplc--c.eu2.content.force.com/servlet/servlet.ImageServer?id=015b0000000yf76&oid=00Db0000000df5E&lastMod=1445334593000
a3Qb000000000tLEAQ,005b0000000L061AAC,FALSE,WLR,GBP,1410534234000,005b0000000L061AAC,1617296335000,0050X000008UT9XQAW,1617296335000,,,WLR,01,Wilmington Publishing & Information Ltd,WLR,Active,"Wilmington Publishing & Information Ltd, part of Wilmington plc. Registered in England no: 3368442.Registered Office: 5th Floor, 10 Whitechapel High Street, London E1 8QS. Tel: 020 7490 0049 Fax: 020 7608 1163. VAT Number: GB 899 3725 51.",a0nb0000002qgRaAAI,2015-01-01,creditcontrol@wilmingtonplc.com,+44 (0)1268 495694,Healthcare,TRUE,a20b00000004t8LAAQ,VAT,GB,899372551,<img src="" "" alt=""No Logo"" border=""0""/>,
a3Qb000000000tMEAQ,005b0000000L061AAC,FALSE,CLT,GBP,1410534234000,005b0000000L061AAC,1617296335000,0050X000008UT9XQAW,1617296335000,,,CLT,01,Central Law Training,CLT,Active,"Central Law Training Ltd, part of Wilmington plc. Registered in England no: 2158821. Registered Office: 5th Floor, 10 Whitechapel High Street London E1 8QS. Tel: 0121 362 7705. VAT Number: GB 899 3725 51.",a0nb0000002qgRaAAI,2019-03-11,creditcontrol@wilmingtonplc.com,+44 (0)1268 495694,Professional,TRUE,a20b00000004t8LAAQ,VAT,GB,899372551,<img src=""https://wilmingtonplc--c.eu10.content.force.com/servlet/servlet.ImageServer?id=0150X000006eeHF&amp;oid=00Db0000000df5E&amp;lastMod=1534327462000"" alt=""No Logo"" border=""0""/>,https://wilmingtonplc--c.eu10.content.force.com/servlet/servlet.ImageServer?id=0150X000006eeHF&oid=00Db0000000df5E&lastMod=1534327462000
a3Qb000000000tNEAQ,005b0000000L061AAC,FALSE,SME,GBP,1410534234000,005b0000000L061AAC,1617296335000,0050X000008UT9XQAW,1617296335000,,,SME,01,Smee and Ford,SME,Active,"Smee & Ford Ltd. Registered in England no: 1964639. Registered Office: 5th Floor, 10 Whitechapel High Street, London E1 8QS. Tel: 020 7490 0049 Fax: 020 7608 1163. VAT Number: GB 899 3725 51",a0nb0000002qgRaAAI,2015-01-01,creditcontrol@wilmingtonplc.com,+44 (0)1268 495694,Healthcare,TRUE,a20b00000004t8LAAQ,VAT,GB,899372551,<img src=""https://wilmingtonplc--c.eu2.content.force.com/servlet/servlet.ImageServer?id=015b0000000BdjM&amp;oid=00Db0000000df5E&amp;lastMod=1443084620000"" alt=""No Logo"" border=""0""/>,https://wilmingtonplc--c.eu2.content.force.com/servlet/servlet.ImageServer?id=015b0000000BdjM&oid=00Db0000000df5E&lastMod=1443084620000
a3Qb00000008Tn9EAE,005b0000000L061AAC,FALSE,ICN,GBP,1474300637000,005b0000000L061AAC,1516717781000,005b0000000L77LAAS,1519143005000,1632325290000,1632325290000,ICN,01,ICT North America,ICN,Active,"International Compliance Training North America, part of Wilmington plc",a0nb0000002qgRaAAI,2017-03-01,wte.creditcontrol@wilmingtonplc.com,+44 (0)1268 495694,Risk & Compliance,FALSE,a20b00000004t8LAAQ,SUT,US,,<img src="" "" alt=""No Logo"" border=""0""/>,
a3Qb00000008UFSEA2,005b0000000L061AAC,FALSE,WHC,GBP,1477563025000,005b0000000L061AAC,1617296335000,0050X000008UT9XQAW,1617296335000,,,WHC,01,Wilmington Healthcare Ltd,WHC,Active,"Wilmington Healthcare Ltd, part of Wilmington plc Registered in England no: 2530185. Registered Office: 5th Floor, 10 Whitechapel High Street, London E1 8QS. Tel: 01268 495600 Fax: 01268 495602. VAT Number: GB 899 3725 51.",a0nb0000002qgRaAAI,2017-01-01,creditcontrol@wilmingtonplc.com,+44 (0)1268 495694,Healthcare,TRUE,a20b00000004t8LAAQ,VAT,GB,899372551,<img src=""https://wilmingtonplc--c.eu41.content.force.com/servlet/servlet.ImageServer?id=015b0000003r5K7&amp;oid=00Db0000000df5E&amp;lastMod=1480603999000"" alt=""No Logo"" border=""0""/>,https://wilmingtonplc--c.eu41.content.force.com/servlet/servlet.ImageServer?id=015b0000003r5K7&oid=00Db0000000df5E&lastMod=1480603999000
a3Qb00000008ULuEAM,005b0000000L061AAC,FALSE,FRA,GBP,1479393148000,005b0000000L061AAC,1612544419000,005b0000000L77LAAS,1612544419000,,,FRA,01,Wilmington FRA,FRA,Active,"Wilmington FRA, part of Wilmington plc.
Registered Office: Suite 240, 3420 Toringdon Way, Charlotte, North Carolina 28277, US.",a0nb0000002qgRaAAI,2018-01-01,sponsorshipwfra@wilmingtonplc.com,1-704-341-2391,Healthcare,FALSE,a20b00000004t8LAAQ,SUT,US,,<img src=""https://wilmingtonplc--c.eu10.content.force.com/servlet/servlet.ImageServer?id=015b0000001l79L&amp;oid=00Db0000000df5E&amp;lastMod=1438354088000"" alt=""No Logo"" border=""0""/>,https://wilmingtonplc--c.eu10.content.force.com/servlet/servlet.ImageServer?id=015b0000001l79L&oid=00Db0000000df5E&lastMod=1438354088000
a3Qb00000008URsEAM,005b0000000L061AAC,FALSE,EVA,GBP,1480411592000,005b0000000L061AAC,1617296335000,0050X000008UT9XQAW,1617296335000,,,EVA,01,Evantage Consulting Ltd,EVA,Active,"Evantage Consulting Ltd, part of Wilmington plc Registered in England no: 04297858. Registered Office: Registered Office: 5th Floor, 10 Whitechapel High Street, London E1 8QS. Tel: 01268 495600 Fax: 01268 495602. VAT Number: GB 899 3725 51.",a0nb0000002qgRaAAI,2016-12-01,creditcontrol@wilmingtonplc.com,+44 (0)1268 495694,Healthcare,TRUE,a20b00000004t8LAAQ,VAT,GB,899372551,<img src="" "" alt=""No Logo"" border=""0""/>,
a3Qb0000000TsFPEA0,005b0000000L061AAC,FALSE,WEL,GBP,1453737798000,005b0000000L061AAC,1545136175000,005b0000000L061AAC,1545136175000,1632325290000,1632325290000,WEL,01,Wilmington Healthcare Ltd,WEL,Inactive,"Wilmington Healthcare Ltd, part of Wilmington plc Registered in England no: 2530185. Registered Office: 5th Floor, 10 Whitechapel High Street, London E1 8QS. Tel: 01268 495600 Fax: 01268 495602. VAT Number: GB 899 3725 51.",a0nb0000002qgRaAAI,2016-02-01,creditcontrol@wilmingtonplc.com,+44 (0)1268 495694,Healthcare,FALSE,,,,,<img src="" "" alt=""No Logo"" border=""0""/>,
a3Qb000000000t5EAA,005b0000000L061AAC,FALSE,MCA,GBP,1410534234000,005b0000000L061AAC,1617296335000,0050X000008UT9XQAW,1617296335000,,,MCA,01,Mercia Group Ltd,MCA,Active,"Mercia Group Ltd, part of Wilmington plc. Registered in England no: 1464141. Registered Office: 5th Floor, 10 Whitechapel High Street, London E1 8QS. Tel: 020 7490 0049. VAT Number: GB 899 3725 51.",a0nb0000002qgRaAAI,2015-06-01,creditcontrol@wilmingtonplc.com,01268 495694,Professional,TRUE,a20b00000004t8LAAQ,VAT,GB,899372551,<img src=""https://wilmingtonplc--c.eu10.content.force.com/servlet/servlet.ImageServer?id=0150X000006ebDA&amp;oid=00Db0000000df5E&amp;lastMod=1533738642000"" alt=""No Logo"" border=""0""/>,https://wilmingtonplc--c.eu10.content.force.com/servlet/servlet.ImageServer?id=0150X000006ebDA&oid=00Db0000000df5E&lastMod=1533738642000
a3Qb000000000t6EAA,005b0000000L061AAC,FALSE,ICT,GBP,1410534234000,005b0000000L061AAC,1617296335000,0050X000008UT9XQAW,1617296335000,,,ICT,01,ICA Commercial Services Ltd,ICT,Active,"ICA Commercial Services Ltd, part of Wilmington plc, Registered in England no: 4363296. Registered Office: 5th Floor, 10 Whitechapel High Street, London E1 8QS. Tel: 0121 362 7534 Fax: 0121 240 3002. VAT Number: GB 899 3725 51.",a0nb0000002qgRaAAI,2016-01-04,creditcontrol@wilmington.co.uk,+44 (0)1268 495694,Risk & Compliance,TRUE,a20b00000004t8LAAQ,VAT,GB,899372551,<img src=""https://wilmingtonplc--c.eu10.content.force.com/servlet/servlet.ImageServer?id=015b0000001jkz6&amp;oid=00Db0000000df5E&amp;lastMod=1557474284000"" alt=""No Logo"" border=""0""/>,https://wilmingtonplc--c.eu10.content.force.com/servlet/servlet.ImageServer?id=015b0000001jkz6&oid=00Db0000000df5E&lastMod=1557474284000
a3Qb0000000kA4eEAE,005b0000000L061AAC,FALSE,IRE,GBP,1455544737000,005b0000000L061AAC,1617296335000,0050X000008UT9XQAW,1617296335000,,,IRE,01,La Touche Training Ltd,IRE,Active,"La Touche Training Ltd, part of Wilmington plc. Suite 329, The Capel Building, Mary’s Abbey, Dublin 7. Tel: 01 878 8258 . VAT Number: IE 8227343Q",a0nb0000002qgRaAAI,2016-02-01,econnolly@latouchetraining.ie,01 8788 255,Professional,TRUE,a20b00000004t8LAAQ,VAT,IE,8227343Q,<img src=""https://wilmingtonplc--c.eu10.content.force.com/servlet/servlet.ImageServer?id=015b0000001kCEd&amp;oid=00Db0000000df5E&amp;lastMod=1434539873000"" alt=""No Logo"" border=""0""/>,https://wilmingtonplc--c.eu10.content.force.com/servlet/servlet.ImageServer?id=015b0000001kCEd&oid=00Db0000000df5E&lastMod=1434539873000
a3Qb000000000t4EAA,005b0000000L061AAC,FALSE,AMT,GBP,1410534234000,005b0000000L061AAC,1545136224000,005b0000000L061AAC,1545136224000,1632325290000,1632325290000,AMT,01,AMT,AMT,Inactive,,,,,,Professional,FALSE,,,,,<img src="" "" alt=""No Logo"" border=""0""/>,
a3Qb000000000t8EAA,005b0000000L061AAC,FALSE,ICD,GBP,1410534234000,005b0000000L061AAC,1617296335000,0050X000008UT9XQAW,1617296335000,,,ICD,01,International Compliance Training (ME) Ltd,ICD,Active,"International Compliance Training (Middle East) Ltd, part of Wilmington plc. Dubai International Financial Centre, Centre of Excellence, The Gate Village, Building 2, Level 3, PO Box 506745, Dubai, UAE. Tel: + 971 (0) 4 4019310. TRN 100030723900003.",a0nb0000002qgRaAAI,2016-01-04,info.ictmiddleeast@int-comp.com,+971 4 4019310,Risk & Compliance,FALSE,a20b00000004t8LAAQ,VAT,AE,100030723900003,<img src=""https://wilmingtonplc--c.eu2.content.force.com/servlet/servlet.ImageServer?id=015b0000001jkz6&amp;oid=00Db0000000df5E"" alt=""No Logo"" border=""0""/>,https://wilmingtonplc--c.eu2.content.force.com/servlet/servlet.ImageServer?id=015b0000001jkz6&oid=00Db0000000df5E
a3Qb000000000t9EAA,005b0000000L061AAC,FALSE,AMU,GBP,1410534234000,005b0000000L061AAC,1551176188000,005b0000000L061AAC,1551176188000,1632325291000,1632325291000,AMU,01,AMT US,AMU,Inactive,,,,,,Professional,FALSE,,,,,<img src="" "" alt=""No Logo"" border=""0""/>,
a3Qb000000000tBEAQ,005b0000000L061AAC,FALSE,BSL,GBP,1410534234000,005b0000000L061AAC,1617296335000,0050X000008UT9XQAW,1617296335000,,,BSL,01,Bond Solon,BSL,Active,"Bond Solon, part of Wilmington plc, Registered in England no: 2271977. Registered Office: 5th Floor, 10 Whitechapel High Street London E1 8QS. Tel: 020 7549 2549. VAT Number: GB 899 3725 51.",a0nb0000002qgRaAAI,2017-12-11,creditcontrol@wilmingtonplc.com,+44 (0)1268 495694,Professional,TRUE,a20b00000004t8LAAQ,VAT,GB,899372551,<img src=""https://wilmingtonplc--c.eu2.content.force.com/servlet/servlet.ImageServer?id=015b0000006AbGM&amp;oid=00Db0000000df5E"" alt=""No Logo"" border=""0""/>,https://wilmingtonplc--c.eu2.content.force.com/servlet/servlet.ImageServer?id=015b0000006AbGM&oid=00Db0000000df5E
a3Q0X000000Cp62UAC,005b0000000L05NAAS,FALSE,IMA,GBP,1528895893000,005b0000000L05NAAS,1617296335000,0050X000008UT9XQAW,1617296335000,,,IMA,01,Interactive Medica Sweden,IMA,Active,"Interactive Medica AB, part of Wilmington plc. Registered Office: Grev Magnigatan 5, 11455 Stockholm, Sweden. Company Number 556591-8553.",a0nb0000002qgRaAAI,2018-07-09,creditcontrol@wilmingtonplc.com,+34 9142 01300,Healthcare,TRUE,a20b00000004t8LAAQ,VAT,SE,SE 556 591 855 301,<img src=""https://wilmingtonplc--c.eu41.content.force.com/servlet/servlet.FileDownload?file=01567000009BPdR"" alt=""No Logo"" border=""0""/>,https://wilmingtonplc--c.eu41.content.force.com/servlet/servlet.FileDownload?file=01567000009BPdR
a3Q0X000000CpKOUA0,005b0000000L05NAAS,FALSE,ES,GBP,1529389973000,005b0000000L05NAAS,1617296335000,0050X000008UT9XQAW,1617296335000,,,ES,01,Interactive Medica Spain,ES,Active,,a0nb0000002qgRaAAI,2018-07-09,,,Healthcare,TRUE,a20b00000004t8LAAQ,VAT,ES,,<img src="" "" alt=""No Logo"" border=""0""/>,
a3Q0X000000Oe0YUAS,005b0000000L77LAAS,FALSE,IAA,GBP,1568645230000,005b0000000L77LAAS,1617296335000,0050X000008UT9XQAW,1617296335000,,,IAA,01,ICA Audit Limited,IAA,Active,"ICA Audit Limited, Registered in England no: 04519229. Registered Office: 5th Floor, 10 Whitechapel High Street, London E1 8QS. Tel: 0121 362 7747. VAT Number: GB 899 3725 51.",a0nb0000002qgRaAAI,2019-09-16,wte.creditcontrol@wilmingtonplc.com,+44 (0)1268 495694,Risk & Compliance,TRUE,a20b00000004t8LAAQ,VAT,GB,899372551,<img src=""https://wilmingtonplc--c.eu10.content.force.com/servlet/servlet.ImageServer?id=015b0000001jkz6&amp;oid=00Db0000000df5E&amp;lastMod=1557474284000"" alt=""No Logo"" border=""0""/>,https://wilmingtonplc--c.eu10.content.force.com/servlet/servlet.ImageServer?id=015b0000001jkz6&oid=00Db0000000df5E&lastMod=1557474284000
a3Q0X000000OhZsUAK,0050X000008uaG0QAI,FALSE,MNI,GBP,1573229888000,0050X000008uaG0QAI,1617296335000,0050X000008UT9XQAW,1617296335000,,,MNI,01,Mercia NI Ltd,MNI,Active,"Mercia NI Ltd, part of Wilmington plc. Registered in Northern Ireland no: NI038498. Registered Office: Unit 9, Cloughoge Business Park, Newry, BT35 8WL. Tel: +44 (0)28 3083 5588. VAT Number: GB 899 3725 51.",a0nb0000002qgRaAAI,2019-01-01,enquiries@merciaireland.com,+44 (0)28 3083 5588,Professional,TRUE,a20b00000004t8LAAQ,VAT,GB,899372551,<img src=""https://wilmingtonplc--c.eu10.content.force.com/servlet/servlet.ImageServer?id=0150X000006ebDA&amp;oid=00Db0000000df5E&amp;lastMod=1533738642000"" alt=""No Logo"" border=""0""/>,https://wilmingtonplc--c.eu10.content.force.com/servlet/servlet.ImageServer?id=0150X000006ebDA&oid=00Db0000000df5E&lastMod=1533738642000
a3Qb000000000swEAA,005b0000000L061AAC,FALSE,BWD,GBP,1410534234000,005b0000000L061AAC,1545136272000,005b0000000L061AAC,1545136273000,1632325291000,1632325291000,BWD,01,Wilmington Healthcare Ltd,BWD,Inactive,"Wilmington Healthcare Ltd, part of Wilmington plc Registered in England no: 2530185. Registered Office: 5th Floor, 10 Whitechapel High Street, London, E1 8QS. Tel: 01268 495600 Fax: 01268 495602. VAT Number: GB 899 3725 51.",a0nb0000002qgRaAAI,2015-04-01,creditcontrol@wilmingtonplc.com,+44 (0)1268 495694,Healthcare,FALSE,,,,,<img src="" "" alt=""No Logo"" border=""0""/>,
a3Qb000000000t1EAA,005b0000000L061AAC,FALSE,CLI,GBP,1410534234000,005b0000000L061AAC,1619608148000,0050X00000A79ttQAB,1619608148000,,,CLI,01,CLT International Ltd,CLI,Active,"CLT International Ltd, part of Wilmington plc, Registered in England no: 6309789. Registered Office: 5th Floor, 10 Whitechapel High Street, London E1 8QS. Tel: 0121 362 7733 Fax: 0121 362 7510. VAT Number: GB 899 3725 51.",a0nb0000002qgRaAAI,2015-09-04,wte.creditcontrol@wilmingtonplc.com,+44 (0)1268 495694,Risk & Compliance,TRUE,a20b00000004t8LAAQ,VAT,GB,899372551,<img src=""https://wilmingtonplc--c.eu41.content.force.com/servlet/servlet.FileDownload?file=01567000009Giud"" alt=""No Logo"" border=""0""/>,https://wilmingtonplc--c.eu41.content.force.com/servlet/servlet.FileDownload?file=01567000009Giud
a3Qb000000000tKEAQ,005b0000000L061AAC,FALSE,MIL,GBP,1410534234000,005b0000000L061AAC,1617296335000,0050X000008UT9XQAW,1617296335000,,,MIL,01,Wilmington Millennium Ltd,MIL,Active,"Wilmington Millennium Ltd, part of Wilmington plc. Registered in England no: 08069752. Registered Office: 5th Floor, 10 Whitechapel High Street, London E1 8QS. Tel: 020 7490 0049 Fax: 020 7608 1163. VAT Number: GB 899 3725 51.",a0nb0000002qgRaAAI,2015-01-01,creditcontrol@wilmingtonplc.com,+44 (0)1268 495694,Healthcare,TRUE,a20b00000004t8LAAQ,VAT,GB,899372551,<img src=""https://wilmingtonplc--c.eu10.content.force.com/servlet/servlet.ImageServer?id=015b000000101xN&amp;oid=00Db0000000df5E&amp;lastMod=1500993567000"" alt=""No Logo"" border=""0""/>,https://wilmingtonplc--c.eu10.content.force.com/servlet/servlet.ImageServer?id=015b000000101xN&oid=00Db0000000df5E&lastMod=1500993567000
a3Q0X000000CpKJUA0,005b0000000L05NAAS,FALSE,IML,GBP,1529389427000,005b0000000L05NAAS,1617296335000,0050X000008UT9XQAW,1617296335000,,,IML,01,Interactive Medica,IML,Active,"Interactive Medica Limited, part of Wilmington plc Registered in England no: 2530185. Registered Office: 5th Floor, 10 Whitechapel High Street, London E1 8QS. Tel: 01268 495600 Fax: 01268 495602. VAT Number: GB 899 3725 51.",a0nb0000002qgRaAAI,2018-07-09,mda@interactivemedica.com,+34 9142 01300,Healthcare,TRUE,a20b00000004t8LAAQ,VAT,GB,899372551,<img src=""https://wilmingtonplc--c.eu41.content.force.com/servlet/servlet.FileDownload?file=01567000009BPdR"" alt=""No Logo"" border=""0""/>,https://wilmingtonplc--c.eu41.content.force.com/servlet/servlet.FileDownload?file=01567000009BPdR
a3Q0X000000CpnBUAS,005b0000000L061AAC,FALSE,WSS,GBP,1531669988000,005b0000000L061AAC,1617296335000,0050X000008UT9XQAW,1617296335000,,,WSS,01,Wilmington,WSS,Active,,,,,,,FALSE,,VAT,,,<img src=""https://wilmingtonplc--c.eu10.content.force.com/servlet/servlet.ImageServer?id=015b0000000BSFH&amp;oid=00Db0000000df5E&amp;lastMod=1437644291000"" alt=""No Logo"" border=""0""/>,https://wilmingtonplc--c.eu10.content.force.com/servlet/servlet.ImageServer?id=015b0000000BSFH&oid=00Db0000000df5E&lastMod=1437644291000
a3Q0X000000OhZxUAK,0050X000008uaG0QAI,FALSE,MRI,GBP,1573230000000,0050X000008uaG0QAI,1617296335000,0050X000008UT9XQAW,1617296335000,,,MRI,01,Mercia Ireland Ltd,MRI,Active,"Mercia Ireland Ltd, part of Wilmington plc. Registered in Republic of Ireland no: 321135. Registered Office: Suite 329, The Capel Building, Mary’s Abbey, Dublin 7, Republic of Ireland. Tel: +353 (0)1 809 0080 VAT Number: IE 6341135F.",a0nb0000002qgRaAAI,2019-01-01,enquiries@merciaireland.com,+353 (0)1 809 0080,Professional,TRUE,a20b00000004t8LAAQ,VAT,IE,IE 6341135F,<img src=""https://wilmingtonplc--c.eu10.content.force.com/servlet/servlet.ImageServer?id=0150X000006ebDA&amp;oid=00Db0000000df5E&amp;lastMod=1533738642000"" alt=""No Logo"" border=""0""/>,https://wilmingtonplc--c.eu10.content.force.com/servlet/servlet.ImageServer?id=0150X000006ebDA&oid=00Db0000000df5E&lastMod=1533738642000
a3Q0X000000poSsUAI,005b0000000L77LAAS,FALSE,ICM,GBP,1551365708000,005b0000000L77LAAS,1584007072000,005b0000000L77LAAS,1584007072000,,,ICM,01,ICTA Malaysia,ICM,Active,"International Compliance Training (Malaysia) Sdn Bhd, part of Wilmington plc. Registered Address : Unit 30-01, Level 30, Tower A, Vertical Business Suite, Avenue 3, Bangsar South, No.8, Jalan Kerinchi 59200 Kuala Lumpur. Fax: +65 6327 9618.
Company Registration number: 201801024091 (1286111-W). Sales & Service Tax number : W10-2002-38000001",a0nb0000002qgRaAAI,2019-03-01,accounts@int-comp.com,+65 6500 0010 / 6500 0019,Risk & Compliance,FALSE,a20b00000004t8LAAQ,GST,MY,,<img src=""https://wilmingtonplc--c.eu10.content.force.com/servlet/servlet.ImageServer?id=0150X000007PMBX&amp;oid=00Db0000000df5E&amp;lastMod=1551372885000"" alt=""No Logo"" border=""0""/>,https://wilmingtonplc--c.eu10.content.force.com/servlet/servlet.ImageServer?id=0150X000007PMBX&oid=00Db0000000df5E&lastMod=1551372885000
a3Q0X000000q2Y2UAI,005b0000000L1KUAA0,FALSE,IA,GBP,1566552113000,005b0000000L1KUAA0,1570110356000,005b0000000L1KUAA0,1570110356000,,,IAA,01,ICA Audit,IAA,Inactive,"ICA Commercial Services Ltd, part of Wilmington plc, Registered in England no: 4363296. Registered Office: 5th Floor, 10 Whitechapel High Street, London E1 8QS. Tel: 0121 362 7534 Fax: 0121 240 3002. VAT Number: GB 899 3725 51.",a0nb0000002qgRaAAI,2019-10-01,wte.creditcontrol@wilmingtonplc.com,+44 (0)1268 495694,Risk & Compliance,TRUE,a20b00000004t8LAAQ,VAT,GB,899372551,<img src=""https://wilmingtonplc--c.eu10.content.force.com/servlet/servlet.ImageServer?id=015b0000001jkz6&amp;oid=00Db0000000df5E&amp;lastMod=1557474284000"" alt=""No Logo"" border=""0""/>,https://wilmingtonplc--c.eu10.content.force.com/servlet/servlet.ImageServer?id=015b0000001jkz6&oid=00Db0000000df5E&lastMod=1557474284000
a3Q67000000aVmkEAE,0050X000008uaG0QAI,FALSE,AXC,GBP,1608469517000,0050X000008uaG0QAI,1617296335000,0050X000008UT9XQAW,1617296335000,,,AXC,01,AXCO,AXC,Active,"Axco, part of Wilmington plc, Registered in England no: 2271977. Registered Office: 5th Floor, 10 Whitechapel High Street London E1 8QS. Tel: 020 7549 2549. VAT Number: GB 899 3725 51.",a0nb0000002qgRaAAI,2020-10-01,creditcontrol@wilmingtonplc.com,+44 (0)1268 495694,Risk & Compliance,TRUE,a20b00000004t8LAAQ,VAT,GB,899372551,<img src=""https://wilmingtonplc--c.eu41.content.force.com/servlet/servlet.ImageServer?id=01567000009B3cl&amp;oid=00Db0000000df5E&amp;lastMod=1608570667000"" alt=""No Logo"" border=""0""/>,https://wilmingtonplc--c.eu41.content.force.com/servlet/servlet.ImageServer?id=01567000009B3cl&oid=00Db0000000df5E&lastMod=1608570667000
a3Qb000000000syEAA,005b0000000L061AAC,FALSE,ICS,GBP,1410534234000,005b0000000L061AAC,1534517094000,005b0000000L061AAC,1534517094000,1632325290000,1632325290000,ICS,01,International Compliance Training Academy Pte Ltd,ICS,Active,"International Compliance Training Academy Pte Ltd, part of Wilmington plc.  77 Robinson Road, #07-01, Singapore 068896. Tel: +65 6500 0010. Fax: +65 6327 9618. GST Registration number: 200706149E.",a0nb0000002qgRaAAI,2016-01-01,accounts@int-comp.com,+65 6500 0019 / 6500 0028,Risk & Compliance,FALSE,a20b00000004t8LAAQ,GST,SG,200706149E,<img src=""https://wilmingtonplc--c.eu2.content.force.com/servlet/servlet.ImageServer?id=015b0000001sGxP&amp;oid=00Db0000000df5E&amp;lastMod=1504597168000"" alt=""No Logo"" border=""0""/>,https://wilmingtonplc--c.eu2.content.force.com/servlet/servlet.ImageServer?id=015b0000001sGxP&oid=00Db0000000df5E&lastMod=1504597168000
a3Q0X000000CpKTUA0,005b0000000L05NAAS,FALSE,IMS,GBP,1529392325000,005b0000000L05NAAS,1625736730000,005b0000000L77LAAS,1625736730000,,,IMS,01,Interactive Medica Spain,IMS,Active,"Interactive Medica S.L., part of Wilmington plc. Registered in Spain no: B83336420. Registered Office: C/Recoletos, 3 – 1º, 28001,  Madrid, Spain. Tel: +34 914 201 300.",a0nb0000002qgRaAAI,2018-07-09,creditcontrol@wilmingtonplc.com,+34 9142 01300,Healthcare,TRUE,a20b00000004t8LAAQ,VAT,ES,ES-B-83336420,<img src=""https://wilmingtonplc--c.eu41.content.force.com/servlet/servlet.FileDownload?file=01567000009BPdR"" alt=""No Logo"" border=""0""/>,https://wilmingtonplc--c.eu41.content.force.com/servlet/servlet.FileDownload?file=01567000009BPdR
a3Qb000000000svEAA,005b0000000L061AAC,FALSE,APM,GBP,1410534234000,005b0000000L061AAC,1545136235000,005b0000000L061AAC,1545136235000,1632325291000,1632325291000,APM,01,Agence Presse Medicale,APM,Inactive,,,,,,Healthcare,FALSE,,,,,<img src="" "" alt=""No Logo"" border=""0""/>,
a3Qb000000000t3EAA,005b0000000L061AAC,FALSE,ARU,GBP,1410534234000,005b0000000L061AAC,1545136260000,005b0000000L061AAC,1545136260000,1632325291000,1632325291000,ARU,01,ARK Group USA,ARU,Active,"ARK Group USA, part of Wilmington plc. 401 South LaSalle, Suite 1200H, Chicago, IL 60605. Tel:  +1 312 212 1301.",a0nb0000002qgRaAAI,2016-10-03,creditcontrol@wilmingtonplc.com,+44 (0)20 7566 8287,Professional,FALSE,a20b00000004t8LAAQ,SUT,US,,<img src="" "" alt=""No Logo"" border=""0""/>,